SQL> 
SQL> REM SYNTAX 1 OF OUTER JOIN : FROM TABLE1 LEFT/RIGHT/FULL OUTER JOIN TABLE2 USING (COMMON COLUMN LIST)
SQL> 
SQL> REM SYNTAX 2 OF OUTER JOIN : FROM TABLE1 LEFT/RIGHT/FULL OUTER JOIN TABLE2 ON JOIN CONDITION(S)
SQL> 
SQL> REM OUTER JOIN IS USED TO GET ADDITIONAL ROWS, WHICH DOESN'T HAVE IT'S BEFITTING/MATCHING ROW IN OTHER TABLE.    // IT IS ALSO AN OP USE OF JOIN!!!!!!!
SQL> 
SQL> SET LINES 200 PAGES 24
SQL> 
SQL> SELECT * FROM EMPLOYEES;

EMPLOYEE_ID FIRST_NAME LAST_NAME  EMAIL      PHONE_NUMBER         HIRE_DATE JOB_ID         SALARY COMMISSION_PCT MANAGER_ID DEPARTMENT_ID                                                               
----------- ---------- ---------- ---------- -------------------- --------- ---------- ---------- -------------- ---------- -------------                                                               
        100 Steven     King       SKING      515.123.4567         17-JUL-87 AD_PRES         24000                                      90                                                               
        101 Neena      Kochhar    NKOCHHAR   515.123.4568         21-SEP-89 AD_VP           17000                       100            90                                                               
        102 Lex        De Haan    LDEHAAN    515.123.4569         13-JAN-93 AD_VP           17000                       100            90                                                               
        103 Alexander  Hunold     AHUNOLD    590.423.4567         03-JAN-90 IT_PROG          9000                       102            60                                                               
        104 Bruce      Ernst      BERNST     590.423.4568         21-MAY-91 IT_PROG          6000                       103            60                                                               
        107 Diana      Lorentz    DLORENTZ   590.423.5567         07-FEB-99 IT_PROG          4200                       103            60                                                               
        124 Kevin      Mourgos    KMOURGOS   650.123.5234         16-NOV-99 ST_MAN           5800                       100            50                                                               
        141 Trenna     Rajs       TRAJS      650.121.8009         17-OCT-95 ST_CLERK         3500                       124            50                                                               
        142 Curtis     Davies     CDAVIES    650.121.2994         29-JAN-97 ST_CLERK         3100                       124            50                                                               
        143 Randall    Matos      RMATOS     650.121.2874         15-MAR-98 ST_CLERK         2600                       124            50                                                               
        144 Peter      Vargas     PVARGAS    650.121.2004         09-JUL-98 ST_CLERK         2500                       124            50                                                               
        149 Eleni      Zlotkey    EZLOTKEY   011.44.1344.429018   29-JAN-00 SA_MAN          10500             .2        100            80                                                               
        174 Ellen      Abel       EABEL      011.44.1644.429267   11-MAY-96 SA_REP          11000             .3        149            80                                                               
        176 Jonathon   Taylor     JTAYLOR    011.44.1644.429265   24-MAR-98 SA_REP           8600             .3        149            80                                                               
        178 Kimerely   Grant      KGRANT     011.44.1644.429263   24-MAY-99 SA_REP           7000            .15        149                                                                             
        200 Jennifer   Whalen     JWAHLEN    515.123.4444         17-SEP-87 AD_ASST          4400                       101            10                                                               
        201 Michael    Hartstein  MHARTSTE   515.123.5555         17-FEB-96 MK_MAN          13000                       100            20                                                               
        202 Pat        Fay        PFAY       603.123.6666         17-AUG-97 MK_REP           6000                       201            20                                                               
        205 Shelley    Higgins    SHIGGINS   515.123.8080         07-JUN-94 AC_MGR          12000                       101           110                                                               
        206 William    Gietz      WGIETZ     515.123.8181         07-JUN-94 AC_ACCOUNT       8300                       205           110                                                               

20 rows selected.

SQL> SELECT*FROM DEPARTMENTS;

DEPARTMENT_ID DEPARTMENT_NAME                MANAGER_ID LOCATION_ID                                                                                                                                     
------------- ------------------------------ ---------- -----------                                                                                                                                     
           10 Administration                        200        1700                                                                                                                                     
           20 Marketing                             201        1800                                                                                                                                     
           50 Shiping                               124        1500                                                                                                                                     
           60 IT                                    103        1400                                                                                                                                     
           80 Sales                                 149        2500                                                                                                                                     
           90 Executive                             100        1700                                                                                                                                     
          110 Accounting                            205        1700                                                                                                                                     
          190 Contracting                                      1700                                                                                                                                     

8 rows selected.

SQL> SELECT FIRST_NAME , DEPARTMENT_NAME
  2  FROM EMPLOYEES
  3  INNER JOIN DEPARTMENTS USING (DEPARTMENT_ID);

FIRST_NAME DEPARTMENT_NAME                                                                                                                                                                              
---------- ------------------------------                                                                                                                                                               
Jennifer   Administration                                                                                                                                                                               
Michael    Marketing                                                                                                                                                                                    
Pat        Marketing                                                                                                                                                                                    
Kevin      Shiping                                                                                                                                                                                      
Peter      Shiping                                                                                                                                                                                      
Randall    Shiping                                                                                                                                                                                      
Curtis     Shiping                                                                                                                                                                                      
Trenna     Shiping                                                                                                                                                                                      
Diana      IT                                                                                                                                                                                           
Bruce      IT                                                                                                                                                                                           
Alexander  IT                                                                                                                                                                                           
Ellen      Sales                                                                                                                                                                                        
Eleni      Sales                                                                                                                                                                                        
Jonathon   Sales                                                                                                                                                                                        
Lex        Executive                                                                                                                                                                                    
Steven     Executive                                                                                                                                                                                    
Neena      Executive                                                                                                                                                                                    
William    Accounting                                                                                                                                                                                   
Shelley    Accounting                                                                                                                                                                                   

19 rows selected.

SQL> SELECT FIRST_NAME , DEPARTMENT_NAME
  2  FROM EMPLOYEES
  3  OUTER JOIN DEPARTMENTS USING (DEPARTMENT_ID);		//HERE OUTER IS ALIAS OF EMPLOYEES TABLE (TYPE OF INNER JOIN)(FUDDU BAN GYE N!!!)!!!

FIRST_NAME DEPARTMENT_NAME                                                                                                                                                                              
---------- ------------------------------                                                                                                                                                               
Jennifer   Administration                                                                                                                                                                               
Michael    Marketing                                                                                                                                                                                    
Pat        Marketing                                                                                                                                                                                    
Kevin      Shiping                                                                                                                                                                                      
Peter      Shiping                                                                                                                                                                                      
Randall    Shiping                                                                                                                                                                                      
Curtis     Shiping                                                                                                                                                                                      
Trenna     Shiping                                                                                                                                                                                      
Diana      IT                                                                                                                                                                                           
Bruce      IT                                                                                                                                                                                           
Alexander  IT                                                                                                                                                                                           
Ellen      Sales                                                                                                                                                                                        
Eleni      Sales                                                                                                                                                                                        
Jonathon   Sales                                                                                                                                                                                        
Lex        Executive                                                                                                                                                                                    
Steven     Executive                                                                                                                                                                                    
Neena      Executive                                                                                                                                                                                    
William    Accounting                                                                                                                                                                                   
Shelley    Accounting                                                                                                                                                                                   

19 rows selected.

SQL> SELECT FIRST_NAME , DEPARTMENT_NAME , OUTER.MANAGER_ID , DEPARTMENTS.MANAGER_ID
  2  FROM EMPLOYEES
  3  OUTER JOIN DEPARTMENTS USING (DEPARTMENT_ID);

FIRST_NAME DEPARTMENT_NAME                MANAGER_ID MANAGER_ID                                                                                                                                         
---------- ------------------------------ ---------- ----------                                                                                                                                         
Jennifer   Administration                        101        200                                                                                                                                         
Michael    Marketing                             100        201                                                                                                                                         
Pat        Marketing                             201        201                                                                                                                                         
Kevin      Shiping                               100        124                                                                                                                                         
Peter      Shiping                               124        124                                                                                                                                         
Randall    Shiping                               124        124                                                                                                                                         
Curtis     Shiping                               124        124                                                                                                                                         
Trenna     Shiping                               124        124                                                                                                                                         
Diana      IT                                    103        103                                                                                                                                         
Bruce      IT                                    103        103                                                                                                                                         
Alexander  IT                                    102        103                                                                                                                                         
Ellen      Sales                                 149        149                                                                                                                                         
Eleni      Sales                                 100        149                                                                                                                                         
Jonathon   Sales                                 149        149                                                                                                                                         
Lex        Executive                             100        100                                                                                                                                         
Steven     Executive                                        100                                                                                                                                         
Neena      Executive                             100        100                                                                                                                                         
William    Accounting                            205        205                                                                                                                                         
Shelley    Accounting                            101        205                                                                                                                                         

19 rows selected.

SQL> SELECT FIRST_NAME , DEPARTMENT_NAME
  2  FROM EMPLOYEES
  3  LEFT OUTER JOIN DEPARTMENTS USING (DEPARTMENT_ID);   // LEFT MEANS KE EMPLOYEES KI EXTRA ROWS DISPLAY HONGI!!!!

FIRST_NAME DEPARTMENT_NAME                                                                                                                                                                              
---------- ------------------------------                                                                                                                                                               
Jennifer   Administration                                                                                                                                                                               
Michael    Marketing                                                                                                                                                                                    
Pat        Marketing                                                                                                                                                                                    
Kevin      Shiping                                                                                                                                                                                      
Trenna     Shiping                                                                                                                                                                                      
Curtis     Shiping                                                                                                                                                                                      
Randall    Shiping                                                                                                                                                                                      
Peter      Shiping                                                                                                                                                                                      
Alexander  IT                                                                                                                                                                                           
Bruce      IT                                                                                                                                                                                           
Diana      IT                                                                                                                                                                                           
Eleni      Sales                                                                                                                                                                                        
Ellen      Sales                                                                                                                                                                                        
Jonathon   Sales                                                                                                                                                                                        
Steven     Executive                                                                                                                                                                                    
Neena      Executive                                                                                                                                                                                    
Lex        Executive                                                                                                                                                                                    
Shelley    Accounting                                                                                                                                                                                   
William    Accounting                                                                                                                                                                                   
Kimerely                                                                                                                                                                                                

20 rows selected.

SQL> SELECT FIRST_NAME , DEPARTMENT_NAME
  2  FROM EMPLOYEES
  3  RIGHT OUTER JOIN DEPARTMENTS USING (DEPARTMENT_ID);   ..>RIGHT MEANS KE DEPARTMENTS KI EXTRA ROWS JOIN HOENGI!!

FIRST_NAME DEPARTMENT_NAME                                                                                                                                                                              
---------- ------------------------------                                                                                                                                                               
Jennifer   Administration                                                                                                                                                                               
Michael    Marketing                                                                                                                                                                                    
Pat        Marketing                                                                                                                                                                                    
Kevin      Shiping                                                                                                                                                                                      
Peter      Shiping                                                                                                                                                                                      
Randall    Shiping                                                                                                                                                                                      
Curtis     Shiping                                                                                                                                                                                      
Trenna     Shiping                                                                                                                                                                                      
Diana      IT                                                                                                                                                                                           
Bruce      IT                                                                                                                                                                                           
Alexander  IT                                                                                                                                                                                           
Ellen      Sales                                                                                                                                                                                        
Eleni      Sales                                                                                                                                                                                        
Jonathon   Sales                                                                                                                                                                                        
Lex        Executive                                                                                                                                                                                    
Steven     Executive                                                                                                                                                                                    
Neena      Executive                                                                                                                                                                                    
William    Accounting                                                                                                                                                                                   
Shelley    Accounting                                                                                                                                                                                   
           Contracting                                                                                                                                                                                  

20 rows selected.

SQL> SELECT FIRST_NAME , DEPARTMENT_NAME
  2  FROM EMPLOYEES
  3  FULL OUTER JOIN DEPARTMENTS USING (DEPARTMENT_ID);      // FULL MTLB DONO KI EXTRA ROWS JOIN HOENGI!!!

FIRST_NAME DEPARTMENT_NAME                                                                                                                                                                              
---------- ------------------------------                                                                                                                                                               
Steven     Executive                                                                                                                                                                                    
Neena      Executive                                                                                                                                                                                    
Lex        Executive                                                                                                                                                                                    
Alexander  IT                                                                                                                                                                                           
Bruce      IT                                                                                                                                                                                           
Diana      IT                                                                                                                                                                                           
Kevin      Shiping                                                                                                                                                                                      
Trenna     Shiping                                                                                                                                                                                      
Curtis     Shiping                                                                                                                                                                                      
Randall    Shiping                                                                                                                                                                                      
Peter      Shiping                                                                                                                                                                                      
Eleni      Sales                                                                                                                                                                                        
Ellen      Sales                                                                                                                                                                                        
Jonathon   Sales                                                                                                                                                                                        
Kimerely                                                                                                                                                                                                
Jennifer   Administration                                                                                                                                                                               
Michael    Marketing                                                                                                                                                                                    
Pat        Marketing                                                                                                                                                                                    
Shelley    Accounting                                                                                                                                                                                   
William    Accounting                                                                                                                                                                                   
           Contracting                                                                                                                                                                                  

21 rows selected.

SQL> SELECT FIRST_NAME , DEPARTMENT_NAME				// OUTER KEYWORD IS OPTIONAL
  2  FROM EMPLOYEES
  3  RIGHT JOIN DEPARTMENTS USING (DEPARTMENT_ID);

FIRST_NAME DEPARTMENT_NAME                                                                                                                                                                              
---------- ------------------------------                                                                                                                                                               
Jennifer   Administration                                                                                                                                                                               
Michael    Marketing                                                                                                                                                                                    
Pat        Marketing                                                                                                                                                                                    
Kevin      Shiping                                                                                                                                                                                      
Peter      Shiping                                                                                                                                                                                      
Randall    Shiping                                                                                                                                                                                      
Curtis     Shiping                                                                                                                                                                                      
Trenna     Shiping                                                                                                                                                                                      
Diana      IT                                                                                                                                                                                           
Bruce      IT                                                                                                                                                                                           
Alexander  IT                                                                                                                                                                                           
Ellen      Sales                                                                                                                                                                                        
Eleni      Sales                                                                                                                                                                                        
Jonathon   Sales                                                                                                                                                                                        
Lex        Executive                                                                                                                                                                                    
Steven     Executive                                                                                                                                                                                    
Neena      Executive                                                                                                                                                                                    
William    Accounting                                                                                                                                                                                   
Shelley    Accounting                                                                                                                                                                                   
           Contracting                                                                                                                                                                                  

20 rows selected.

SQL> SELECT * FROM COUNTRIES;

CO COUNTRY_NAME                              REGION_ID                                                                                                                                                  
-- ---------------------------------------- ----------                                                                                                                                                  
CA Canada                                            2                                                                                                                                                  
DE Germany                                           1                                                                                                                                                  
UK United Kingdom                                    1                                                                                                                                                  
US United States of America                          2                                                                                                                                                  

SQL> SELECT * FROM REGIONS;

 REGION_ID REGION_NAME                                                                                                                                                                                  
---------- -------------------------                                                                                                                                                                    
         1 Europe                                                                                                                                                                                       
         2 Americas                                                                                                                                                                                     
         3 Asia                                                                                                                                                                                         
         4 Middle East and Africa                                                                                                                                                                       

SQL> REM DISPLAY ONLY THOSE REGION_NAME IN WHICH NO COUNTRY IS STILL FIXED.   REGION_NAME EXTRA DIKHANE HAI TOH COUNTRIES KI KOI COLUMN NULL KE COMPARISION MAI LENE HOEGI!!
SQL> 
SQL> SELECT REGION_NAME
  2  FROM COUNTRIES
  3  INNER JOIN REGIONS;
INNER JOIN REGIONS
                 *
ERROR at line 3:
ORA-00905: missing keyword 


SQL> SELECT REGION_NAME
  2  FROM COUNTRIES
  3  INNER JOIN REGIONS USING (REGION_ID);

REGION_NAME                                                                                                                                                                                             
-------------------------                                                                                                                                                                               
Europe                                                                                                                                                                                                  
Europe                                                                                                                                                                                                  
Americas                                                                                                                                                                                                
Americas                                                                                                                                                                                                

SQL> SELECT DISTINCT REGION_NAME
  2  FROM COUNTRIES
  3  INNER JOIN REGIONS USING (REGION_ID);

REGION_NAME                                                                                                                                                                                             
-------------------------                                                                                                                                                                               
Europe                                                                                                                                                                                                  
Americas                                                                                                                                                                                                

SQL> SELECT REGION_NAME
  2  FROM COUNTRIES
  3  RIGHT OUTER JOIN REGIONS USING (REGION_ID);

REGION_NAME                                                                                                                                                                                             
-------------------------                                                                                                                                                                               
Americas                                                                                                                                                                                                
Europe                                                                                                                                                                                                  
Europe                                                                                                                                                                                                  
Americas                                                                                                                                                                                                
Middle East and Africa                                                                                                                                                                                  
Asia                                                                                                                                                                                                    

6 rows selected.

SQL> SELECT UNIQUE REGION_NAME
  2  FROM COUNTRIES
  3  RIGHT OUTER JOIN REGIONS USING (REGION_ID);

REGION_NAME                                                                                                                                                                                             
-------------------------                                                                                                                                                                               
Middle East and Africa                                                                                                                                                                                  
Europe                                                                                                                                                                                                  
Asia                                                                                                                                                                                                    
Americas                                                                                                                                                                                                

SQL> SELECT REGION_NAME
  2  FROM COUNTRIES
  3  RIGHT OUTER JOIN REGIONS USING (REGION_ID)
  4  WHERE COUNTRY_ID IS NULL;

REGION_NAME                                                                                                                                                                                             
-------------------------                                                                                                                                                                               
Middle East and Africa                                                                                                                                                                                  
Asia                                                                                                                                                                                                    

SQL> REM DISPLAY ONLY THOSE DEPATMENT_NAME IN WHICH NO EMPLOYEE IS STILL HIRED. 

SQL> SELECT DEPARTMENT_NAME FROM EMPLOYEES 
     RIGHT OUTER JOIN DEPARTMENTS USING(DEPARTMENT_ID) WHERE EMPLOYEE_ID IS NULL;       // JODDDD BE!!!!!!!!!

SQL> SELECT * FROM EMPLOYEES;

EMPLOYEE_ID FIRST_NAME LAST_NAME  EMAIL      PHONE_NUMBER         HIRE_DATE JOB_ID         SALARY COMMISSION_PCT MANAGER_ID DEPARTMENT_ID                                                               
----------- ---------- ---------- ---------- -------------------- --------- ---------- ---------- -------------- ---------- -------------                                                               
        100 Steven     King       SKING      515.123.4567         17-JUL-87 AD_PRES         24000                                      90                                                               
        101 Neena      Kochhar    NKOCHHAR   515.123.4568         21-SEP-89 AD_VP           17000                       100            90                                                               
        102 Lex        De Haan    LDEHAAN    515.123.4569         13-JAN-93 AD_VP           17000                       100            90                                                               
        103 Alexander  Hunold     AHUNOLD    590.423.4567         03-JAN-90 IT_PROG          9000                       102            60                                                               
        104 Bruce      Ernst      BERNST     590.423.4568         21-MAY-91 IT_PROG          6000                       103            60                                                               
        107 Diana      Lorentz    DLORENTZ   590.423.5567         07-FEB-99 IT_PROG          4200                       103            60                                                               
        124 Kevin      Mourgos    KMOURGOS   650.123.5234         16-NOV-99 ST_MAN           5800                       100            50                                                               
        141 Trenna     Rajs       TRAJS      650.121.8009         17-OCT-95 ST_CLERK         3500                       124            50                                                               
        142 Curtis     Davies     CDAVIES    650.121.2994         29-JAN-97 ST_CLERK         3100                       124            50                                                               
        143 Randall    Matos      RMATOS     650.121.2874         15-MAR-98 ST_CLERK         2600                       124            50                                                               
        144 Peter      Vargas     PVARGAS    650.121.2004         09-JUL-98 ST_CLERK         2500                       124            50                                                               
        149 Eleni      Zlotkey    EZLOTKEY   011.44.1344.429018   29-JAN-00 SA_MAN          10500             .2        100            80                                                               
        174 Ellen      Abel       EABEL      011.44.1644.429267   11-MAY-96 SA_REP          11000             .3        149            80                                                               
        176 Jonathon   Taylor     JTAYLOR    011.44.1644.429265   24-MAR-98 SA_REP           8600             .3        149            80                                                               
        178 Kimerely   Grant      KGRANT     011.44.1644.429263   24-MAY-99 SA_REP           7000            .15        149                                                                             
        200 Jennifer   Whalen     JWAHLEN    515.123.4444         17-SEP-87 AD_ASST          4400                       101            10                                                               
        201 Michael    Hartstein  MHARTSTE   515.123.5555         17-FEB-96 MK_MAN          13000                       100            20                                                               
        202 Pat        Fay        PFAY       603.123.6666         17-AUG-97 MK_REP           6000                       201            20                                                               
        205 Shelley    Higgins    SHIGGINS   515.123.8080         07-JUN-94 AC_MGR          12000                       101           110                                                               
        206 William    Gietz      WGIETZ     515.123.8181         07-JUN-94 AC_ACCOUNT       8300                       205           110                                                               

20 rows selected.

SQL> SELECT * FROM DEPARTMENTS;

DEPARTMENT_ID DEPARTMENT_NAME                MANAGER_ID LOCATION_ID                                                                                                                                     
------------- ------------------------------ ---------- -----------                                                                                                                                     
           10 Administration                        200        1700                                                                                                                                     
           20 Marketing                             201        1800                                                                                                                                     
           50 Shiping                               124        1500                                                                                                                                     
           60 IT                                    103        1400                                                                                                                                     
           80 Sales                                 149        2500                                                                                                                                     
           90 Executive                             100        1700                                                                                                                                     
          110 Accounting                            205        1700                                                                                                                                     
          190 Contracting                                      1700                                                                                                                                     

8 rows selected.

SQL> SELECT DEPARTMENT_NAME FROM EMPLOYEES RIGHT OUTER JOIN DEPARTMENTS USING (DEPARTMENT_ID) WHERE EMPLOYEE_ID IS NULL;

DEPARTMENT_NAME                                                                                                                                                                                         
------------------------------                                                                                                                                                                          
Contracting                                                                                                                                                                                             

SQL> SELECT DEPARTMENT_NAME FROM EMPLOYEES RIGHT OUTER JOIN DEPARTMENTS ON EMPLOYEES.DEPARTMENT_ID=DEPARTMENTS.DEPARTMENT_ID WHERE EMPLOYEE_ID IS NULL;

DEPARTMENT_NAME                                                                                                                                                                                         
------------------------------                                                                                                                                                                          
Contracting                                                                                                                                                                                             

SQL> SELECT DEPARTMENT_NAME FROM EMPLOYEES E RIGHT OUTER JOIN DEPARTMENTS D ON E.DEPARTMENT_ID=D.DEPARTMENT_ID WHERE EMPLOYEE_ID IS NULL;

DEPARTMENT_NAME                                                                                                                                                                                         
------------------------------                                                                                                                                                                          
Contracting                                                                                                                                                                                             

SQL> REM INNER JOIN 3rd SITUATION
SQL> 
SQL> REM WHEN BOTH TABLES HAS DIFFERENT COLUMN NAMES AND RELATED VALUES
SQL> 
SQL> SELECT FIRST_NAME , SALARY FROM EMPLOYEES;

FIRST_NAME     SALARY                                                                                                                                                                                   
---------- ----------                                                                                                                                                                                   
Steven          24000                                                                                                                                                                                   
Neena           17000                                                                                                                                                                                   
Lex             17000                                                                                                                                                                                   
Alexander        9000                                                                                                                                                                                   
Bruce            6000                                                                                                                                                                                   
Diana            4200                                                                                                                                                                                   
Kevin            5800                                                                                                                                                                                   
Trenna           3500                                                                                                                                                                                   
Curtis           3100                                                                                                                                                                                   
Randall          2600                                                                                                                                                                                   
Peter            2500                                                                                                                                                                                   
Eleni           10500                                                                                                                                                                                   
Ellen           11000                                                                                                                                                                                   
Jonathon         8600                                                                                                                                                                                   
Kimerely         7000                                                                                                                                                                                   
Jennifer         4400                                                                                                                                                                                   
Michael         13000                                                                                                                                                                                   
Pat              6000                                                                                                                                                                                   
Shelley         12000                                                                                                                                                                                   
William          8300                                                                                                                                                                                   

20 rows selected.

SQL> SELECT * FROM JOB_GRADES;

GRA LOWEST_SAL HIGHEST_SAL                                                                                                                                                                              
--- ---------- -----------                                                                                                                                                                              
A         1000        2999                                                                                                                                                                              
B         3000        5999                                                                                                                                                                              
C         6000        9999                                                                                                                                                                              
D        10000       14999                                                                                                                                                                              
E        15000       24999                                                                                                                                                                              
F        25000       40000                                                                                                                                                                              

6 rows selected.

SQL> REM DISPLAY ONLY GRADE_LEVEL IN WHICH NO EMPLOYEE IS GETTING SALARY.        // JODDDDDDDDD BEEEEEEE OP !!!!!!!!!!!
SQL> 
SQL> SELECT GRADE_LEVEL
  2  FROM JOB_GRADES
  3  LEFT OUTER JOIN EMPLOYEES
  4  ON SALARY BETWEEN LOWEST_SAL AND HIGHEST_SAL
  5  WHERE EMPLOYEE_ID IS NULL;

GRA                                                                                                                                                                                                     
---                                                                                                                                                                                                     
F                                                                                                                                                                                                       
SQL> REM INNER JOIN
SQL> 
SQL> SELECT * FROM DEPARTMENTS;

DEPARTMENT_ID DEPARTMENT_NAME                MANAGER_ID LOCATION_ID                                                                                                                                     
------------- ------------------------------ ---------- -----------                                                                                                                                     
           10 Administration                        200        1700                                                                                                                                     
           20 Marketing                             201        1800                                                                                                                                     
           50 Shiping                               124        1500                                                                                                                                     
           60 IT                                    103        1400                                                                                                                                     
           80 Sales                                 149        2500                                                                                                                                     
           90 Executive                             100        1700                                                                                                                                     
          110 Accounting                            205        1700                                                                                                                                     
          190 Contracting                                      1700                                                                                                                                     

8 rows selected.

SQL> SELECT * FROM LOCATIONS;

LOCATION_ID STREET_ADRESS                            POSTAL_CODE  CITY                           STATE_PROVINCE            CO                                                                           
----------- ---------------------------------------- ------------ ------------------------------ ------------------------- --                                                                           
       1400 2014 Jabberwocky Rd                      26192        Southlake                      Texas                     US                                                                           
       1500 2011 Interiors Blvd                      99236        South San Francisco            California                US                                                                           
       1700 2004 Charade Rd                          98199        Seattle                        Washington                US                                                                           
       1800 460 Bloor St. W.                         ON M5S 1X8   Toronto                        Ontario                   CA                                                                           
       2500 Magdalen Centre, The Oxford Science Park OX9 9ZB      Oxford                         Oxford                    UK                                                                           

SQL> REM DEPARTMENT_NAME , CITY
SQL> 
SQL> SELECT DEPARTMENT_NAME , CITY
  2  FROM DEPARTMENTS
  3  INNER JOIN LOCATIONS USING (LOCATION_ID);

DEPARTMENT_NAME                CITY                                                                                                                                                                     
------------------------------ ------------------------------                                                                                                                                           
Administration                 Seattle                                                                                                                                                                  
Marketing                      Toronto                                                                                                                                                                  
Shiping                        South San Francisco                                                                                                                                                      
IT                             Southlake                                                                                                                                                                
Sales                          Oxford                                                                                                                                                                   
Executive                      Seattle                                                                                                                                                                  
Accounting                     Seattle                                                                                                                                                                  
Contracting                    Seattle                                                                                                                                                                  

8 rows selected.

SQL> REM DEPARTMENT_NAME , CITY , COUNTRY_NAME
SQL> 
SQL> SELECT DEPARTMENT_NAME , CITY , COUNTRY_NAME
  2  FROM DEPARTMENTS
  3  INNER JOIN LOCATIONS USING (LOCATION_ID)
  4  INNER JOIN COUNTRIES USING (COUNTRY_ID);

DEPARTMENT_NAME                CITY                           COUNTRY_NAME                                                                                                                              
------------------------------ ------------------------------ ----------------------------------------                                                                                                  
Administration                 Seattle                        United States of America                                                                                                                  
Marketing                      Toronto                        Canada                                                                                                                                    
Shiping                        South San Francisco            United States of America                                                                                                                  
IT                             Southlake                      United States of America                                                                                                                  
Sales                          Oxford                         United Kingdom                                                                                                                            
Executive                      Seattle                        United States of America                                                                                                                  
Accounting                     Seattle                        United States of America                                                                                                                  
Contracting                    Seattle                        United States of America                                                                                                                  

8 rows selected.

SQL> REM DEPARTMENT_NAME , CITY , COUNTRY_NAME , REGION_NAME
SQL> 
SQL> SELECT DEPARTMENT_NAME , CITY , COUNTRY_NAME , REGION_NAME
  2  INNER JOIN LOCATIONS USING (LOCATION_ID)
  3  
SQL> SELECT DEPARTMENT_NAME , CITY , COUNTRY_NAME , REGION_NAME
  2  FROM DEPARTMENTS
  3  INNER JOIN LOCATIONS USING (LOCATION_ID)
  4  INNER JOIN COUNTRIES USING (COUNTRY_ID)
  5  INNER JOIN REGIONS   USING (REGION_ID);

DEPARTMENT_NAME                CITY                           COUNTRY_NAME                             REGION_NAME                                                                                      
------------------------------ ------------------------------ ---------------------------------------- -------------------------                                                                        
Administration                 Seattle                        United States of America                 Americas                                                                                         
Marketing                      Toronto                        Canada                                   Americas                                                                                         
Shiping                        South San Francisco            United States of America                 Americas                                                                                         
IT                             Southlake                      United States of America                 Americas                                                                                         
Sales                          Oxford                         United Kingdom                           Europe                                                                                           
Executive                      Seattle                        United States of America                 Americas                                                                                         
Accounting                     Seattle                        United States of America                 Americas                                                                                         
Contracting                    Seattle                        United States of America                 Americas                                                                                         

8 rows selected.

SQL> SELECT FIRST_NAME , DEPARTMENT_NAME , CITY , COUNTRY_NAME , REGION_NAME       // OP SEQUENCE BOLTE RE!!!!!!!!!
  2  FROM EMPLOYEES
  3  INNER JOIN DEPARTMENTS USING (DEPARTMENT_ID)
  4  INNER JOIN LOCATIONS USING (LOCATION_ID)
  5  INNER JOIN COUNTRIES USING (COUNTRY_ID)
  6  INNER JOIN REGIONS   USING (REGION_ID);

FIRST_NAME DEPARTMENT_NAME                CITY                           COUNTRY_NAME                             REGION_NAME                                                                           
---------- ------------------------------ ------------------------------ ---------------------------------------- -------------------------                                                             
Ellen      Sales                          Oxford                         United Kingdom                           Europe                                                                                
Eleni      Sales                          Oxford                         United Kingdom                           Europe                                                                                
Jonathon   Sales                          Oxford                         United Kingdom                           Europe                                                                                
Michael    Marketing                      Toronto                        Canada                                   Americas                                                                              
Pat        Marketing                      Toronto                        Canada                                   Americas                                                                              
Diana      IT                             Southlake                      United States of America                 Americas                                                                              
Bruce      IT                             Southlake                      United States of America                 Americas                                                                              
Alexander  IT                             Southlake                      United States of America                 Americas                                                                              
Kevin      Shiping                        South San Francisco            United States of America                 Americas                                                                              
Peter      Shiping                        South San Francisco            United States of America                 Americas                                                                              
Randall    Shiping                        South San Francisco            United States of America                 Americas                                                                              
Curtis     Shiping                        South San Francisco            United States of America                 Americas                                                                              
Trenna     Shiping                        South San Francisco            United States of America                 Americas                                                                              
Jennifer   Administration                 Seattle                        United States of America                 Americas                                                                              
Lex        Executive                      Seattle                        United States of America                 Americas                                                                              
Steven     Executive                      Seattle                        United States of America                 Americas                                                                              
Neena      Executive                      Seattle                        United States of America                 Americas                                                                              
William    Accounting                     Seattle                        United States of America                 Americas                                                                              
Shelley    Accounting                     Seattle                        United States of America                 Americas                                                                              

19 rows selected.

SQL> SELECT * FROM JOBS;

JOB_ID     JOB_TITLE                           MIN_SALARY MAX_SALARY                                                                                                                                    
---------- ----------------------------------- ---------- ----------                                                                                                                                    
AD_PRES    President                                20000      40000                                                                                                                                    
AD_VP      Administration Vice President            15000      30000                                                                                                                                    
AD_ASST    Administration Assistant                  3000       6000                                                                                                                                    
AC_MGR     Accounting Manager                        8200      16000                                                                                                                                    
AC_ACCOUNT Public Accountant                         4200       9000                                                                                                                                    
SA_MAN     Sales Manager                            10000      20000                                                                                                                                    
SA_REP     Sales Representative                      6000      12000                                                                                                                                    
ST_MAN     Stock Manager                             5500       8500                                                                                                                                    
ST_CLERK   Stock Clerk                               2000       5000                                                                                                                                    
IT_PROG    Programmer                                4000      10000                                                                                                                                    
MK_MAN     Marketing Manager                         9000      15000                                                                                                                                    
MK_REP     Marketing Representative                  4000       9000                                                                                                                                    

12 rows selected.

SQL> SELECT FIRST_NAME , DEPARTMENT_NAME , CITY , COUNTRY_NAME , REGION_NAME , JOB_TITLE
  2  FROM EMPLOYEES
  3  INNER JOIN DEPARTMENTS USING (DEPARTMENT_ID)
  4  INNER JOIN LOCATIONS USING (LOCATION_ID)
  5  INNER JOIN COUNTRIES USING (COUNTRY_ID)
  6  INNER JOIN REGIONS   USING (REGION_ID)
  7  INNER JOIN JOBS      USING (JOB_ID);

FIRST_NAME DEPARTMENT_NAME                CITY                           COUNTRY_NAME                             REGION_NAME               JOB_TITLE                                                   
---------- ------------------------------ ------------------------------ ---------------------------------------- ------------------------- -----------------------------------                         
Eleni      Sales                          Oxford                         United Kingdom                           Europe                    Sales Manager                                               
Ellen      Sales                          Oxford                         United Kingdom                           Europe                    Sales Representative                                        
Jonathon   Sales                          Oxford                         United Kingdom                           Europe                    Sales Representative                                        
Michael    Marketing                      Toronto                        Canada                                   Americas                  Marketing Manager                                           
Pat        Marketing                      Toronto                        Canada                                   Americas                  Marketing Representative                                    
Diana      IT                             Southlake                      United States of America                 Americas                  Programmer                                                  
Bruce      IT                             Southlake                      United States of America                 Americas                  Programmer                                                  
Alexander  IT                             Southlake                      United States of America                 Americas                  Programmer                                                  
Kevin      Shiping                        South San Francisco            United States of America                 Americas                  Stock Manager                                               
Peter      Shiping                        South San Francisco            United States of America                 Americas                  Stock Clerk                                                 
Randall    Shiping                        South San Francisco            United States of America                 Americas                  Stock Clerk                                                 
Curtis     Shiping                        South San Francisco            United States of America                 Americas                  Stock Clerk                                                 
Trenna     Shiping                        South San Francisco            United States of America                 Americas                  Stock Clerk                                                 
Steven     Executive                      Seattle                        United States of America                 Americas                  President                                                   
Lex        Executive                      Seattle                        United States of America                 Americas                  Administration Vice President                               
Neena      Executive                      Seattle                        United States of America                 Americas                  Administration Vice President                               
Jennifer   Administration                 Seattle                        United States of America                 Americas                  Administration Assistant                                    
Shelley    Accounting                     Seattle                        United States of America                 Americas                  Accounting Manager                                          
William    Accounting                     Seattle                        United States of America                 Americas                  Public Accountant                                           

19 rows selected.

SQL> SELECT * FROM JOB_GRADES;

GRA LOWEST_SAL HIGHEST_SAL                                                                                                                                                                              
--- ---------- -----------                                                                                                                                                                              
A         1000        2999                                                                                                                                                                              
B         3000        5999                                                                                                                                                                              
C         6000        9999                                                                                                                                                                              
D        10000       14999                                                                                                                                                                              
E        15000       24999                                                                                                                                                                              
F        25000       40000                                                                                                                                                                              

6 rows selected.


SQL>SELECT FIRST_NAME,DEPARTMENT_NAME,CITY,COUNTRY_NAME,REGION_NAME,JOB_TITLE,GRADE_LEVEL FROM EMPLOYEES
	JOIN JOB_GRADES ON SALARY BETWEEN LOWEST_SAL AND HIGHEST_SAL
	JOIN JOBS USING(JOB_ID)
	JOIN DEPARTMENTS USING (DEPARTMENT_ID)
	JOIN LOCATIONS USING (LOCATION_ID)
	JOIN COUNTRIES USING (COUNTRY_ID)
	JOIN REGIONS USING (REGION_ID);  


SQL> SELECT FIRST_NAME , DEPARTMENT_NAME , CITY , COUNTRY_NAME , REGION_NAME , JOB_TITLE , SALARY , GRADE_LEVEL
  2  FROM EMPLOYEES
  3  INNER JOIN DEPARTMENTS USING (DEPARTMENT_ID)
  4  INNER JOIN LOCATIONS USING (LOCATION_ID)
  5  INNER JOIN COUNTRIES USING (COUNTRY_ID)
  6  INNER JOIN REGIONS   USING (REGION_ID)
  7  INNER JOIN JOBS      USING (JOB_ID)
  8  INNER JOIN JOB_GRADES ON SALARY BETWEEN LOWEST_SAL AND HIGHEST_SAL;

FIRST_NAME DEPARTMENT_NAME                CITY                           COUNTRY_NAME                             REGION_NAME               JOB_TITLE                               SALARY GRA          
---------- ------------------------------ ------------------------------ ---------------------------------------- ------------------------- ----------------------------------- ---------- ---          
Steven     Executive                      Seattle                        United States of America                 Americas                  President                                24000 E            
Neena      Executive                      Seattle                        United States of America                 Americas                  Administration Vice President            17000 E            
Lex        Executive                      Seattle                        United States of America                 Americas                  Administration Vice President            17000 E            
Michael    Marketing                      Toronto                        Canada                                   Americas                  Marketing Manager                        13000 D            
Shelley    Accounting                     Seattle                        United States of America                 Americas                  Accounting Manager                       12000 D            
Ellen      Sales                          Oxford                         United Kingdom                           Europe                    Sales Representative                     11000 D            
Eleni      Sales                          Oxford                         United Kingdom                           Europe                    Sales Manager                            10500 D            
Alexander  IT                             Southlake                      United States of America                 Americas                  Programmer                                9000 C            
Jonathon   Sales                          Oxford                         United Kingdom                           Europe                    Sales Representative                      8600 C            
William    Accounting                     Seattle                        United States of America                 Americas                  Public Accountant                         8300 C            
Pat        Marketing                      Toronto                        Canada                                   Americas                  Marketing Representative                  6000 C            
Bruce      IT                             Southlake                      United States of America                 Americas                  Programmer                                6000 C            
Kevin      Shiping                        South San Francisco            United States of America                 Americas                  Stock Manager                             5800 B            
Jennifer   Administration                 Seattle                        United States of America                 Americas                  Administration Assistant                  4400 B            
Diana      IT                             Southlake                      United States of America                 Americas                  Programmer                                4200 B            
Trenna     Shiping                        South San Francisco            United States of America                 Americas                  Stock Clerk                               3500 B            
Curtis     Shiping                        South San Francisco            United States of America                 Americas                  Stock Clerk                               3100 B            
Randall    Shiping                        South San Francisco            United States of America                 Americas                  Stock Clerk                               2600 A            
Peter      Shiping                        South San Francisco            United States of America                 Americas                  Stock Clerk                               2500 A            

19 rows selected.

SQL> SELECT * FROM DEPARTMENTS;

DEPARTMENT_ID DEPARTMENT_NAME                MANAGER_ID LOCATION_ID                                                                                                                                     
------------- ------------------------------ ---------- -----------                                                                                                                                     
           10 Administration                        200        1700                                                                                                                                     
           20 Marketing                             201        1800                                                                                                                                     
           50 Shiping                               124        1500                                                                                                                                     
           60 IT                                    103        1400                                                                                                                                     
           80 Sales                                 149        2500                                                                                                                                     
           90 Executive                             100        1700                                                                                                                                     
          110 Accounting                            205        1700                                                                                                                                     
          190 Contracting                                      1700                                                                                                                                     

8 rows selected.

SQL> SELECT * FROM LOCATIONS;

LOCATION_ID STREET_ADRESS                            POSTAL_CODE  CITY                           STATE_PROVINCE            CO                                                                           
----------- ---------------------------------------- ------------ ------------------------------ ------------------------- --                                                                           
       1400 2014 Jabberwocky Rd                      26192        Southlake                      Texas                     US                                                                           
       1500 2011 Interiors Blvd                      99236        South San Francisco            California                US                                                                           
       1700 2004 Charade Rd                          98199        Seattle                        Washington                US                                                                           
       1800 460 Bloor St. W.                         ON M5S 1X8   Toronto                        Ontario                   CA                                                                           
       2500 Magdalen Centre, The Oxford Science Park OX9 9ZB      Oxford                         Oxford                    UK                                                                           

SQL> SELECT * FROM COUNTRIES;

CO COUNTRY_NAME                              REGION_ID                                                                                                                                                  
-- ---------------------------------------- ----------                                                                                                                                                  
CA Canada                                            2                                                                                                                                                  
DE Germany                                           1                                                                                                                                                  
UK United Kingdom                                    1                                                                                                                                                  
US United States of America                          2                                                                                                                                                  

SQL> REM DEPARTMENT_NAME , CITY , COUNTRY_NAME
SQL> 
SQL> SELECT DEPARTMENT_NAME , CITY , COUNTRY_NAME
  2  FROM DEPARTMENTS
  3  NATURAL JOIN LOCATIONS
  4  NATURAL JOIN COUNTRIES;

DEPARTMENT_NAME                CITY                           COUNTRY_NAME                                                                                                                              
------------------------------ ------------------------------ ----------------------------------------                                                                                                  
Administration                 Seattle                        United States of America                                                                                                                  
Marketing                      Toronto                        Canada                                                                                                                                    
Shiping                        South San Francisco            United States of America                                                                                                                  
IT                             Southlake                      United States of America                                                                                                                  
Sales                          Oxford                         United Kingdom                                                                                                                            
Executive                      Seattle                        United States of America                                                                                                                  
Accounting                     Seattle                        United States of America                                                                                                                  
Contracting                    Seattle                        United States of America                                                                                                                  

8 rows selected.

SQL> SELECT DEPARTMENT_NAME , CITY , COUNTRY_NAME
  2  FROM DEPARTMENTS
  3  JOIN LOCATIONS USING (LOCATION_ID)
  4  JOIN COUNTRIES USING (COUNTRY_ID);

DEPARTMENT_NAME                CITY                           COUNTRY_NAME                                                                                                                              
------------------------------ ------------------------------ ----------------------------------------                                                                                                  
Administration                 Seattle                        United States of America                                                                                                                  
Marketing                      Toronto                        Canada                                                                                                                                    
Shiping                        South San Francisco            United States of America                                                                                                                  
IT                             Southlake                      United States of America                                                                                                                  
Sales                          Oxford                         United Kingdom                                                                                                                            
Executive                      Seattle                        United States of America                                                                                                                  
Accounting                     Seattle                        United States of America                                                                                                                  
Contracting                    Seattle                        United States of America                                                                                                                  

8 rows selected.

SQL> SELECT DEPARTMENT_NAME , CITY , COUNTRY_NAME
  2  FROM DEPARTMENTS
  3  NATURAL JOIN LOCATIONS
  4  JOIN COUNTRIES USING (COUNTRY_ID);			//IF NATURAL JOIN IS WRITTEN FIRST THAN THERE IS NO PROBLEM AS HERE DEPARTMENTS AND LOCATIONS
							//BOTH HAVE COMMON COLUMN LOCATION_ID!!!!!!!  OP!!!!!!!!!!!
DEPARTMENT_NAME                CITY                           COUNTRY_NAME                                                                                                                              
------------------------------ ------------------------------ ----------------------------------------                                                                                                  
Administration                 Seattle                        United States of America                                                                                                                  
Marketing                      Toronto                        Canada                                                                                                                                    
Shiping                        South San Francisco            United States of America                                                                                                                  
IT                             Southlake                      United States of America                                                                                                                  
Sales                          Oxford                         United Kingdom                                                                                                                            
Executive                      Seattle                        United States of America                                                                                                                  
Accounting                     Seattle                        United States of America                                                                                                                  
Contracting                    Seattle                        United States of America                                                                                                                  

8 rows selected.

SQL> SELECT DEPARTMENT_NAME , CITY , COUNTRY_NAME
  2  FROM DEPARTMENTS
  3  JOIN LOCATIONS USING (LOCATION_ID)          // WILL DEVELOP RESULT OF CROSS JOIN!!!!!!
  4  NATURAL JOIN COUNTRIES;

DEPARTMENT_NAME                CITY                           COUNTRY_NAME                                                                                                                              
------------------------------ ------------------------------ ----------------------------------------                                                                                                  
Administration                 Seattle                        Canada                                                                                                                                    
Administration                 Seattle                        Germany                                                                                                                                   
Administration                 Seattle                        United Kingdom                                                                                                                            
Administration                 Seattle                        United States of America                                                                                                                  
Marketing                      Toronto                        Canada                                                                                                                                    
Marketing                      Toronto                        Germany                                                                                                                                   
Marketing                      Toronto                        United Kingdom                                                                                                                            
Marketing                      Toronto                        United States of America                                                                                                                  
Shiping                        South San Francisco            Canada                                                                                                                                    
Shiping                        South San Francisco            Germany                                                                                                                                   
Shiping                        South San Francisco            United Kingdom                                                                                                                            
Shiping                        South San Francisco            United States of America                                                                                                                  
IT                             Southlake                      Canada                                                                                                                                    
IT                             Southlake                      Germany                                                                                                                                   
IT                             Southlake                      United Kingdom                                                                                                                            
IT                             Southlake                      United States of America                                                                                                                  
Sales                          Oxford                         Canada                                                                                                                                    
Sales                          Oxford                         Germany                                                                                                                                   
Sales                          Oxford                         United Kingdom                                                                                                                            
Sales                          Oxford                         United States of America                                                                                                                  
Executive                      Seattle                        Canada                                                                                                                                    

DEPARTMENT_NAME                CITY                           COUNTRY_NAME                                                                                                                              
------------------------------ ------------------------------ ----------------------------------------                                                                                                  
Executive                      Seattle                        Germany                                                                                                                                   
Executive                      Seattle                        United Kingdom                                                                                                                            
Executive                      Seattle                        United States of America                                                                                                                  
Accounting                     Seattle                        Canada                                                                                                                                    
Accounting                     Seattle                        Germany                                                                                                                                   
Accounting                     Seattle                        United Kingdom                                                                                                                            
Accounting                     Seattle                        United States of America                                                                                                                  
Contracting                    Seattle                        Canada                                                                                                                                    
Contracting                    Seattle                        Germany                                                                                                                                   
Contracting                    Seattle                        United Kingdom                                                                                                                            
Contracting                    Seattle                        United States of America                                                                                                                  

32 rows selected.

SQL> SELECT DEPARTMENT_NAME , CITY , COUNTRY_NAME , COUNTRY_ID
  2  FROM DEPARTMENTS
  3  JOIN LOCATIONS USING (LOCATION_ID)
  4  NATURAL JOIN COUNTRIES;

DEPARTMENT_NAME                CITY                           COUNTRY_NAME                             CO                                                                                               
------------------------------ ------------------------------ ---------------------------------------- --                                                                                               
Administration                 Seattle                        United States of America                 US                                                                                               
Marketing                      Toronto                        Canada                                   CA                                                                                               
Shiping                        South San Francisco            United States of America                 US                                                                                               
IT                             Southlake                      United States of America                 US                                                                                               
Sales                          Oxford                         United Kingdom                           UK                                                                                               
Executive                      Seattle                        United States of America                 US                                                                                               
Accounting                     Seattle                        United States of America                 US                                                                                               
Contracting                    Seattle                        United States of America                 US                                                                                               

8 rows selected.

SQL> SELECT DEPARTMENT_NAME , CITY , COUNTRY_NAME
  2  FROM DEPARTMENTS
  3  JOIN LOCATIONS USING (LOCATION_ID)
  4  JOIN COUNTRIES ON LOCATIONS.COUNTRY_ID = COUNTRIES.COUNTRY_ID;

DEPARTMENT_NAME                CITY                           COUNTRY_NAME                                                                                                                              
------------------------------ ------------------------------ ----------------------------------------                                                                                                  
Administration                 Seattle                        United States of America                                                                                                                  
Marketing                      Toronto                        Canada                                                                                                                                    
Shiping                        South San Francisco            United States of America                                                                                                                  
IT                             Southlake                      United States of America                                                                                                                  
Sales                          Oxford                         United Kingdom                                                                                                                            
Executive                      Seattle                        United States of America                                                                                                                  
Accounting                     Seattle                        United States of America                                                                                                                  
Contracting                    Seattle                        United States of America                                                                                                                  

8 rows selected.

SQL> SELECT FIRST_NAME , DEPARTMENT_NAME
  2  FROM EMPLOYEES
  3  FULL OUTER JOIN DEPARTMENTS
  4  WHERE EMPLOYEE_ID IS NULL OR DEPARTMENT_ID IS NULL;
WHERE EMPLOYEE_ID IS NULL OR DEPARTMENT_ID IS NULL
*
ERROR at line 4:
ORA-00905: missing keyword 


SQL> SELECT FIRST_NAME , DEPARTMENT_NAME    // TECHNIQUE IF LEFT WALE TABLE KI EXTRA ROWS DIKHANI HAI TOH RIGHT WALE TABLE KI KOI COLUMN KO NULL SE COMAPRE KARO AND VICE VERSA!!!!!!!! OP!!!
  2  FROM EMPLOYEES
  3  FULL OUTER JOIN DEPARTMENTS USING(DEPARTMENT_ID)
  4  WHERE EMPLOYEE_ID IS NULL OR DEPARTMENT_ID IS NULL;  // NULL COMPARISION IS NECCESSARY TO GET ONLY EXTRA ROWS!!!!!!!!

FIRST_NAME DEPARTMENT_NAME                                                                                                                                                                              
---------- ------------------------------                                                                                                                                                               
Kimerely                                                                                                                                                                                                
           Contracting                                                                                                                                                                                  

SQL> SELECT * FROM EMPLOYEES;

EMPLOYEE_ID FIRST_NAME LAST_NAME  EMAIL      PHONE_NUMBER         HIRE_DATE JOB_ID         SALARY COMMISSION_PCT MANAGER_ID DEPARTMENT_ID                                                               
----------- ---------- ---------- ---------- -------------------- --------- ---------- ---------- -------------- ---------- -------------                                                               
        100 Steven     King       SKING      515.123.4567         17-JUL-87 AD_PRES         24000                                      90                                                               
        101 Neena      Kochhar    NKOCHHAR   515.123.4568         21-SEP-89 AD_VP           17000                       100            90                                                               
        102 Lex        De Haan    LDEHAAN    515.123.4569         13-JAN-93 AD_VP           17000                       100            90                                                               
        103 Alexander  Hunold     AHUNOLD    590.423.4567         03-JAN-90 IT_PROG          9000                       102            60                                                               
        104 Bruce      Ernst      BERNST     590.423.4568         21-MAY-91 IT_PROG          6000                       103            60                                                               
        107 Diana      Lorentz    DLORENTZ   590.423.5567         07-FEB-99 IT_PROG          4200                       103            60                                                               
        124 Kevin      Mourgos    KMOURGOS   650.123.5234         16-NOV-99 ST_MAN           5800                       100            50                                                               
        141 Trenna     Rajs       TRAJS      650.121.8009         17-OCT-95 ST_CLERK         3500                       124            50                                                               
        142 Curtis     Davies     CDAVIES    650.121.2994         29-JAN-97 ST_CLERK         3100                       124            50                                                               
        143 Randall    Matos      RMATOS     650.121.2874         15-MAR-98 ST_CLERK         2600                       124            50                                                               
        144 Peter      Vargas     PVARGAS    650.121.2004         09-JUL-98 ST_CLERK         2500                       124            50                                                               
        149 Eleni      Zlotkey    EZLOTKEY   011.44.1344.429018   29-JAN-00 SA_MAN          10500             .2        100            80                                                               
        174 Ellen      Abel       EABEL      011.44.1644.429267   11-MAY-96 SA_REP          11000             .3        149            80                                                               
        176 Jonathon   Taylor     JTAYLOR    011.44.1644.429265   24-MAR-98 SA_REP           8600             .3        149            80                                                               
        178 Kimerely   Grant      KGRANT     011.44.1644.429263   24-MAY-99 SA_REP           7000            .15        149                                                                             
        200 Jennifer   Whalen     JWAHLEN    515.123.4444         17-SEP-87 AD_ASST          4400                       101            10                                                               
        201 Michael    Hartstein  MHARTSTE   515.123.5555         17-FEB-96 MK_MAN          13000                       100            20                                                               
        202 Pat        Fay        PFAY       603.123.6666         17-AUG-97 MK_REP           6000                       201            20                                                               
        205 Shelley    Higgins    SHIGGINS   515.123.8080         07-JUN-94 AC_MGR          12000                       101           110                                                               
        206 William    Gietz      WGIETZ     515.123.8181         07-JUN-94 AC_ACCOUNT       8300                       205           110                                                               

20 rows selected.

SQL> SELECT * FROM JOB_HISTORY;

EMPLOYEE_ID START_DAT END_DATE  JOB_ID     DEPARTMENT_ID                                                                                                                                                
----------- --------- --------- ---------- -------------                                                                                                                                                
        102 13-JAN-93 24-JUL-98 IT_PROG               60                                                                                                                                                
        101 21-SEP-89 27-OCT-93 AC_ACCOUNT           110                                                                                                                                                
        101 28-OCT-93 15-MAR-97 AC_MGR               110                                                                                                                                                
        201 17-FEB-96 19-DEC-99 MK_REP                20                                                                                                                                                
        114 24-MAR-98 31-DEC-99 ST_CLERK              50                                                                                                                                                
        122 01-JAN-99 31-DEC-99 ST_CLERK              50                                                                                                                                                
        200 17-SEP-87 17-JUN-93 AD_ASST               90                                                                                                                                                
        176 24-MAR-98 31-DEC-98 SA_REP                80                                                                                                                                                
        176 01-JAN-99 31-DEC-99 SA_MAN                80                                                                                                                                                
        200 01-JUL-94 31-DEC-98 AC_ACCOUNT            90                                                                                                                                                

10 rows selected.

SQL> REM DISPLAY EMPLOYEE_ID OF THOSE WHO HAVE GOT INCREMENT   // OP TABLE!!!! INCREMENT MILA HAI ISKA MTLB DONO TABLES(EMPLOYEES AND JOB_HISTORY) MAI ROW HOENGI!!!!!
SQL> 
SQL> SELECT EMPLOYEE_ID
  2  FROM EMPLOYEES
  3  JOIN JOB_HISTORY USING (EMPLOYEE_ID);

EMPLOYEE_ID                                                                                                                                                                                             
-----------                                                                                                                                                                                             
        101                                                                                                                                                                                             
        101                                                                                                                                                                                             
        102                                                                                                                                                                                             
        176                                                                                                                                                                                             
        176                                                                                                                                                                                             
        200                                                                                                                                                                                             
        200                                                                                                                                                                                             
        201                                                                                                                                                                                             

8 rows selected.

SQL> SELECT DISTINCT EMPLOYEE_ID
  2  FROM EMPLOYEES
  3  JOIN JOB_HISTORY USING (EMPLOYEE_ID);

EMPLOYEE_ID                                                                                                                                                                                             
-----------                                                                                                                                                                                             
        102                                                                                                                                                                                             
        201                                                                                                                                                                                             
        101                                                                                                                                                                                             
        200                                                                                                                                                                                             
        176                                                                                                                                                                                             

SQL> SELECT EMPLOYEE_ID
  2  FROM EMPLOYEES
  3  
SQL> SELECT DISTINCT EMPLOYEE_ID
  2  FROM EMPLOYEES
  3  JOIN JOB_HISTORY USING (EMPLOYEE_ID)
  4  ORDER BY 1;

EMPLOYEE_ID                                                                                                                                                                                             
-----------                                                                                                                                                                                             
        101                                                                                                                                                                                             
        102                                                                                                                                                                                             
        176                                                                                                                                                                                             
        200                                                                                                                                                                                             
        201                                                                                                                                                                                             

SQL> REM DISPLAY FIRST_NAME OF THOSE WHO HAVE NOT GOT ANY INCREMENT.  // JOB_HISTORY WALE TABLE MAI ROW NAHI HONGI MTLB EMPLOYEES TABLE KI EXTRA ROW DIKHANI HAI YE SMJ AANA CHAHIYE!!!!!!
SQL> 
SQL> SELECT FIRST_NAME
  2  FROM EMPLOYEES
  3  LEFT OUTER JOIN JOB_HISOTY USING (EMPLOYEE_ID)
  4  WHERE START_DATE IS NULL;
LEFT OUTER JOIN JOB_HISOTY USING (EMPLOYEE_ID)
                *
ERROR at line 3:
ORA-00942: table or view does not exist 


SQL> SELECT FIRST_NAME
  2  FROM EMPLOYEES
  3  LEFT OUTER JOIN JOB_HISTORY USING (EMPLOYEE_ID)
  4  WHERE START_DATE IS NULL;

FIRST_NAME                                                                                                                                                                                              
----------                                                                                                                                                                                              
Diana                                                                                                                                                                                                   
Kevin                                                                                                                                                                                                   
William                                                                                                                                                                                                 
Randall                                                                                                                                                                                                 
Bruce                                                                                                                                                                                                   
Trenna                                                                                                                                                                                                  
Ellen                                                                                                                                                                                                   
Alexander                                                                                                                                                                                               
Curtis                                                                                                                                                                                                  
Kimerely                                                                                                                                                                                                
Eleni                                                                                                                                                                                                   
Pat                                                                                                                                                                                                     
Peter                                                                                                                                                                                                   
Shelley                                                                                                                                                                                                 
Steven                                                                                                                                                                                                  

15 rows selected.

SQL> REM DISPLAY EMPLOYEE_ID OF THOSE WHO HAVE LEFT THE COMPANY
SQL> 
SQL> SELECT EMPLOYEE_ID
  2  FROM JOB_HISTORY
  3  LEFT JOIN EMPLOYEES USING(EMPLOYEE_ID)
  4  WHERE FIRST_NAME IS NULL;   // ANY COLUMN OF THE EMPLOYEES TABLE CAN BE COMPARED WITH NULL HERE!!!!!!!!!!

EMPLOYEE_ID                                                                                                                                                                                             
-----------                                                                                                                                                                                             
        122                                                                                                                                                                                             
        114                                                                                                                                                                                             

SQL> SELECT EMPLOYEE_ID FROM EMPLOYEES ORDER BY 1;

EMPLOYEE_ID                                                                                                                                                                                             
-----------                                                                                                                                                                                             
        100                                                                                                                                                                                             
        101                                                                                                                                                                                             
        102                                                                                                                                                                                             
        103                                                                                                                                                                                             
        104                                                                                                                                                                                             
        107                                                                                                                                                                                             
        124                                                                                                                                                                                             
        141                                                                                                                                                                                             
        142                                                                                                                                                                                             
        143                                                                                                                                                                                             
        144                                                                                                                                                                                             
        149                                                                                                                                                                                             
        174                                                                                                                                                                                             
        176                                                                                                                                                                                             
        178                                                                                                                                                                                             
        200                                                                                                                                                                                             
        201                                                                                                                                                                                             
        202                                                                                                                                                                                             
        205                                                                                                                                                                                             
        206                                                                                                                                                                                             

20 rows selected.

SQL> SPOOL OFF
